Workbook

Sheet Summary
A1: SEASON 25-26
A2: Date | B2: Quantity | C2: Amount | D2: Category | E2: Type | F2: Club | G2: Details
A3: 46142 | B3: ='APRIL 2026'!B12 -> 10 | C3: ='APRIL 2026'!B13 -> 1625 | D3: Days | E3: Expected | F3: PHX Hockey | G3: Stage
A4: 46173 | B4: 0 | C4: 0 | D4: Days | E4: Expected | F4: PHX Hockey | G4: Stage
A5: 46203 | B5: 0 | C5: 0 | D5: Days | E5: Expected | F5: PHX Hockey | G5: Stage
A6: 46234 | B6: ='JULY 2026'!B12 -> 13 | C6: ='JULY 2026'!B13 -> 2275 | D6: Days | E6: Estimated | F6: PHX Hockey | G6: Stage
A7: 46265 | B7: ='AUGUST 2026'!B12 -> 15 | C7: ='AUGUST 2026'!B13 -> 2875 | D7: Days | E7: Estimated | F7: PHX Hockey | G7: Stage
A15: Total | B15: =SUM(B3:B14) -> 38 | C15: =SUMIF(E3:E14,"Expected",C3:C14) -> 1625
A18: Paid
A19: Date | B19: BENEF. | C19: Amount | D19: Category | E19: Type | F19: Club | G19: Details
A20: 46126 | B20: PHX Hockey ASBL | C20: 750 | D20: Days | E20: Paid | F20: PHX Hockey | G20: Stage
A21: 46133 | B21: PHX Hockey ASBL | C21: 875 | D21: Days | E21: Paid | F21: PHX Hockey | G21: Stage
C28: =SUM(C20:C26) -> 1625
A31: To Be Paid | C31: =C15-C28 -> 0

Sheet AUGUST 2026
A1: Day | B1: Week 10-08 / 14-08 | C1: Week 17-08 / 21-08 | D1: Week 24-08 / 28-08
A2: Camp | B2: PHX Hockey (CAMP 6) | C2: PHX Hockey (CAMP 7) | D2: PHX Hockey (CAMP 8)
A3: Monday | B3: 1 | C3: 1 | D3: 1
A4: Tuesday | B4: 1 | C4: 1 | D4: 1
A5: Wednesday | B5: 1 | C5: 1 | D5: 1
A6: Thursday | B6: 1 | C6: 1 | D6: 1
A7: Friday | B7: 1 | C7: 1 | D7: 1
A8: DAYS | B8: =COUNTA(B3:B7) -> 5 | C8: =COUNTA(C3:C7) -> 5 | D8: =COUNTA(D3:D7) -> 5
A9: Valor | B9: 175 | C9: 200 | D9: 200
B10: =B8*B9 -> 875 | C10: =C8*C9 -> 1000 | D10: =D8*D9 -> 1000
A12: TOTAL Days | B12: =SUM(B8:D8) -> 15
A13: Total | B13: =SUM(B10:D10) -> 2875

Sheet JULY 2026
A1: Day | B1: Week 01-06 / 03-06 | C1: Week 06-07 / 10-07 | D1: Week 13-07 / 17-07
A2: Camp | B2: PHX Hockey (CAMP 3) | C2: PHX Hockey (CAMP 4) | D2: PHX Hockey (CAMP 5)
A3: Monday | C3: 1 | D3: 1
A4: Tuesday | C4: 1 | D4: 1
A5: Wednesday | B5: 1 | C5: 1 | D5: 1
A6: Thursday | B6: 1 | C6: 1 | D6: 1
A7: Friday | B7: 1 | C7: 1 | D7: 1
A8: DAYS | B8: =COUNTA(B3:B7) -> 3 | C8: =COUNTA(C3:C7) -> 5 | D8: =COUNTA(D3:D7) -> 5
A9: Valor | B9: 175 | C9: 175 | D9: 175
B10: =B8*B9 -> 525 | C10: =C8*C9 -> 875 | D10: =D8*D9 -> 875
A12: TOTAL Days | B12: =SUM(B8:D8) -> 13
A13: Total | B13: =SUM(B10:D10) -> 2275

Sheet APRIL 2026
A1: Day | B1: Week 06-04 / 10-04 | C1: Week 13-04 / 17-04
A2: Camp | B2: PHX Hockey (CAMP 1) | C2: PHX Hockey (CAMP 2)
A3: Monday | B3: 1 | C3: 1
A4: Tuesday | B4: 1 | C4: 1
A5: Wednesday | B5: 1 | C5: 1
A6: Thursday | B6: 1 | C6: 1
A7: Friday | B7: 1 | C7: 1
A8: DAYS | B8: =COUNTA(B3:B7) -> 5 | C8: =COUNTA(C3:C7) -> 5
A9: Valor | B9: 150 | C9: 175
B10: =B8*B9 -> 750 | C10: =C8*C9 -> 875
A12: TOTAL Days | B12: =SUM(B8:C8) -> 10
A13: Total | B13: =SUM(B10:C10) -> 1625
