Workbook

Sheet Summary
A1: SEASON 25-26
A2: Date | B2: Quantity | C2: Amount | D2: Category | E2: Type | F2: Club | G2: Details
A3: 45900 | B3: =Season!C5 -> 9 | C3: =Season!C6 -> 540 | D3: Games | E3: Expected | F3: Orange Titans
A4: 45930 | B4: =Season!L5 -> 14 | C4: =Season!L6 -> 840 | D4: Games | E4: Expected | F4: Orange Titans
A5: 45961 | B5: =Season!U5 -> 6 | C5: =Season!U6 -> 360 | D5: Games | E5: Expected | F5: Orange Titans
A6: 45991 | B6: =Season!AD5 -> 7 | C6: =Season!AD6 -> 420 | D6: Games | E6: Expected | F6: Orange Titans
A7: 46022 | B7: 0 | C7: 0 | D7: Games | E7: Expected | F7: Orange Titans
A8: 46053 | B8: 0 | C8: 0 | D8: Games | E8: Expected | F8: Orange Titans
A9: 46081 | B9: =Season!C24 -> 6 | C9: =Season!C25 -> 360 | D9: Games | E9: Expected | F9: Orange Titans
A10: 46112 | B10: =Season!L24 -> 14 | C10: =Season!L25 -> 840 | D10: Games | E10: Expected | F10: Orange Titans
A11: 46142 | B11: =Season!U24 -> 6 | C11: =Season!U25 -> 360 | D11: Games | E11: Estimated | F11: Orange Titans
A12: 46173 | B12: =Season!AD24 -> 6 | C12: =Season!AD25 -> 360 | D12: Games | E12: Estimated | F12: Orange Titans
A13: 46203 | B13: 0 | C13: 0 | D13: Games | E13: Estimated | F13: Orange Titans
A14: 46234 | B14: =Season!AD26 -> 0 | C14: =Season!AD27 -> 0 | D14: Games | E14: Estimated | F14: Orange Titans
A15: Total | B15: =SUM(B3:B14) -> 68 | C15: =SUMIF(E3:E14,"Expected",C3:C14) -> 3360
A18: Paid
A19: Date | B19: BENEF. | C19: Amount | D19: Category | E19: Type | F19: Club | G19: Details
A20: 45905 | B20: Orange Titans H.C | C20: 540 | D20: Games | E20: Paid | F20: Orange Titans | G20: Aug
A21: 45933 | B21: Orange Titans H.C | C21: 840 | D21: Games | E21: Paid | F21: Orange Titans | G21: Sep
A22: 45966 | B22: Orange Titans H.C | C22: 360 | D22: Games | E22: Paid | F22: Orange Titans | G22: Oct
A23: 45992 | B23: Orange Titans H.C | C23: 420 | D23: Games | E23: Paid | F23: Orange Titans | G23: Nov
A24: 46083 | B24: Orange Titans H.C | C24: 360 | D24: Games | E24: Paid | F24: Orange Titans | G24: Feb
A25: 46116 | B25: Orange Titans H.C | C25: 840 | D25: Games | E25: Paid | F25: Orange Titans | G25: Mar
C28: =SUM(C20:C26) -> 3360
A30: To Be Paid | C30: =C15-C28 -> 0

Sheet Season
A1: 2025
B3: August | K3: September | T3: October | AC3: November
B4: Per Game | C4: 60 | K4: Per Game | L4: 60 | T4: Per Game | U4: 60 | AC4: Per Game | AD4: 60
B5: Total Games | C5: =COUNTA(B10:B17,F10:F17) -> 9 | K5: Total Games | L5: =COUNTA(K10:K17,O10:O17) -> 14 | T5: Total Games | U5: =COUNTA(T10:T16,X10:X16) -> 6 | AC5: Total Games | AD5: =COUNTA(AC10:AC13,AG10:AG12) -> 7
B6: Total: | C6: =C4*C5 -> 540 | K6: Total: | L6: =L4*L5 -> 840 | T6: Total: | U6: =U4*U5 -> 360 | AC6: Total: | AD6: =AD4*AD5 -> 420
B9: Girls | C9: Date | F9: Boys | G9: Date | K9: Girls | L9: Date | O9: Boys | P9: Date | T9: D1 - Orange Titans | U9: Date | X9: Boys | Y9: Date | AC9: D1 - Orange Titans | AD9: Date | AG9: Boys | AH9: Date
A10: 1 | B10: Vs WS | C10: 45879 | E10: 1 | F10: Vs Old Bridge | G10: 45876 | J10: 1 | K10: U19G Vs Well | L10: 45903 | N10: 1 | O10: Ant-Blue Crest | P10: 45901 | S10: 1 | T10: U19 Vs Well | U10: 45930 | W10: 1 | X10: M1 Vs Leuven | Y10: 45937 | AB10: 1 | AC10: D1 Vs North Field | AD10: 45964 | AF10: 1 | AG10: M1 Vs North Field | AH10: 45965
A11: 2 | B11: Vs Riverside | C11: 45891 | E11: 2 | F11: Vs North Field | G11: 45878 | J11: 2 | K11: Vs Montgomery | L11: 45903 | N11: 2 | O11: Vs Douai | P11: 45902 | S11: 2 | T11: U16 Vs Montgomery | U11: 45930 | W11: 2 | X11: M1 Vs Langeland | Y11: 45943 | AB11: 2 | AC11: D1 Vs WS | AD11: 45972 | AF11: 2 | AG11: M1 Vs WS | AH11: 45971
E12: 3 | F12: Vs Greenfield | G12: 45879 | J12: 3 | K12: U14 Vs Ping | L12: 45909 | N12: 3 | O12: Vs Forest | P12: 45908 | W12: 3 | X12: Bau Vs Ras (Part 1) | Y12: 45953 | AB12: 3 | AC12: D1 Vs Montgomery | AD12: 45981 | AF12: 3 | AG12: M1 Vs Royal Oak | AH12: 45978
E13: 4 | F13: Vs WS | G13: 45883 | J13: 4 | K13: U16 Vs Herakles | L13: 45909 | N13: 4 | O13: Vs Greenfield | P13: 45915 | W13: 4 | X13: Bau Vs Ras (Part 2) | Y13: 45953 | AB13: 4 | AC13: U19 Vs Dragons | AD13: 45979
E14: 5 | F14: Vs St. Hubert | G14: 45888 | J14: 5 | K14: U19 Vs Antrwerp | L14: 45918 | N14: 5 | O14: U16B Vs Racing Union HC | P14: 45922
E15: 6 | F15: U19B Vs New Park | G15: 45890 | J15: 6 | K15: U14 Vs Malines | L15: 45918 | N15: 6 | O15: M1 Vs Racing Union HC | P15: 45928
E16: 7 | F16: Vs Royal Oak | G16: 45896 | J16: 7 | K16: U16 Vs North Field | L16: 45922
J17: 8 | K17: D1 Vs Old Bridge | L17: 45930
A20: 2026
B22: February | K22: March | T22: April | AC22: May
B23: Per Game | C23: 60 | K23: Per Game | L23: 60 | T23: Per Game | U23: 60 | AC23: Per Game | AD23: 60
B24: Total Games | C24: =COUNTA(B29:B38,F29:F38) -> 6 | K24: Total Games | L24: =COUNTA(K29:K38,O29:O38) -> 14 | T24: Total Games | U24: =COUNTA(T29:T38,X29:X38) -> 6 | AC24: Total Games | AD24: =COUNTA(AC29:AC38,AG29:AG38) -> 6
B25: Total: | C25: =C23*C24 -> 360 | K25: Total: | L25: =L23*L24 -> 840 | T25: Total: | U25: =U23*U24 -> 360 | AC25: Total: | AD25: =AD23*AD24 -> 360
B28: Girls | C28: Date | F28: Boys | G28: Date | K28: Girls | L28: Date | O28: Boys | P28: Date | T28: Girls | U28: Date | X28: Boys | Y28: Date | AC28: Girls | AD28: Date | AG28: Boys | AH28: Date
A29: 1 | B29: D1 vs North Field | C29: 46065 | E29: 1 | F29: M1 vs Silverwood | G29: 46058 | J29: 1 | K29: D1 Vs Brugeston | L29: 46083 | N29: 1 | O29: M1 vs Team 2 | P29: 46076 | S29: 1 | T29: D1 Vs Riverside | U29: 46124 | W29: 1 | X29: M1 vs Silverwood | Y29: 46124 | AB29: 1 | AC29: D1 vs St. Hubert | AD29: 46143 | AF29: 1 | AG29: M1 vs Baudouin | AH29: 46143
A30: 2 | B30: D1 vs Old Bridge | C30: 46070 | E30: 2 | F30: M1 vs Union Park | G30: 46066 | J30: 2 | K30: U16 vs WD | L30: 46087 | N30: 2 | O30: M1 vs Olympic Circle | P30: 46082 | S30: 2 | T30: D1 vs WS | U30: 46131 | W30: 2 | X30: M1 vs WS | Y30: 46131 | AB30: 2 | AC30: D1 vs Forest | AD30: 46145 | AF30: 2 | AG30: M1 vs Olympic Circle | AH30: 46145
A31: 3 | B31: D1 vs Union Park | C31: 46073 | E31: 3 | F31: M1 vs Team 1 | G31: 46076 | J31: 3 | K31: U16 vs Greenfield | L31: 46090 | N31: 3 | O31: M1 vs Greenfield | P31: 46089 | S31: 3 | T31: D1 vs Old Boys Club | U31: 46138 | W31: 3 | X31: M1 vs Wellington | Y31: 46138 | AB31: 3 | AC31: D1 vs North Field | AD31: 46152 | AF31: 3 | AG31: M1 vs North Field | AH31: 46152
J32: 4 | K32: D1 Vs Bee | L32: 46091 | N32: 4 | O32: M1 vs Blue Crest | P32: 46096 | S32: 4 | W32: 4 | AB32: 4 | AF32: 4
J33: 5 | K33: D1 vs Royal Oak | L33: 46097 | N33: 5 | O33: M1 vs Racing Union HC | P33: 46103 | S33: 5 | W33: 5 | AB33: 5 | AF33: 5
J34: 6 | K34: U19G Vs Leoneld | L34: 46098 | N34: 6 | O34: M1 vs Evergreen HC | P34: 46110 | S34: 6 | W34: 6 | AB34: 6 | AF34: 6
J35: 7 | K35: D1 vs Old Bridge | L35: 46103 | N35: 7 | S35: 7 | W35: 7 | AB35: 7 | AF35: 7
J36: 8 | K36: D1 vs Indian hc | L36: 46110 | N36: 8 | S36: 8 | W36: 8 | AB36: 8 | AF36: 8
J37: 9 | N37: 9 | S37: 9 | W37: 9 | AB37: 9 | AF37: 9
J38: 10 | N38: 10 | S38: 10 | W38: 10 | AB38: 10 | AF38: 10
B43: 2025 Total | C43: =C6+L6+U6+AD6 -> 2160
B45: 2026 Total | C45: =C25+L25+U25+AD25 -> 1920
