Workbook

Sheet Summary
A1: Date | B1: Quantity | C1: Amount | D1: Category | E1: Type | F1: Club | G1: Details
A2: 45900 | B2: ='AUGUST 2025'!B2 -> 0 | C2: ='AUGUST 2025'!B1 -> 1000 | D2: Hours | E2: Expected | F2: Emerald Demons
A3: 45930 | B3: ='SEPTEMBER 2025'!B7 -> 15.5 | C3: ='SEPTEMBER 2025'!B10 -> 1542.5 | D3: Hours | E3: Expected | F3: Emerald Demons
A4: 45961 | B4: ='OCTOBER 2025'!B7 -> 10.5 | C4: ='OCTOBER 2025'!B10 -> 1367.5 | D4: Hours | E4: Expected | F4: Emerald Demons
A5: 45991 | B5: ='NOVEMBER 2025'!B7 -> 14.5 | C5: ='NOVEMBER 2025'!B10 -> 1521.5 | D5: Hours | E5: Expected | F5: Emerald Demons
A6: 46022 | B6: 2 | C6: ='DECEMBER 2025'!B9 -> 1070 | D6: Hours | E6: Expected | F6: Emerald Demons
A7: 46053 | B7: ='JANUARY 2026'!B6 -> 0 | C7: ='JANUARY 2026'!B9 -> 1000 | D7: Hours | E7: Expected | F7: Emerald Demons
A8: 46081 | B8: ='FEBRUARY 2026'!B7 -> 1.5 | C8: ='FEBRUARY 2026'!B10 -> 1052.5 | D8: Hours | E8: Expected | F8: Emerald Demons
A9: 46112 | B9: ='MARCH 2026'!B7 -> 12.5 | C9: ='MARCH 2026'!B10 -> 1437.5 | D9: Hours | E9: Expected | F9: Emerald Demons
A10: 46142 | B10: ='APRIL 2026'!B7 -> 5 | C10: ='APRIL 2026'!B10 -> 1175 | D10: Hours | E10: Expected | F10: Emerald Demons
A11: 46173 | B11: ='MAY 2026'!B7 -> 16 | C11: ='MAY 2026'!B10 -> 1560 | D11: Hours | E11: Estimated | F11: Emerald Demons
A12: 46203 | B12: ='JUNE 2026'!B7 -> 7.5 | C12: ='JUNE 2026'!B10 -> 1262.5 | D12: Hours | E12: Estimated | F12: Emerald Demons
A13: 46234 | B13: ='JULY 2026'!B6 -> 0 | C13: ='JULY 2026'!B9 -> 1000 | D13: Hours | E13: Estimated | F13: Emerald Demons
A14: Total | B14: =SUM(B2:B12) -> 85 | C14: =SUMIF(E2:E13,"Expected",C2:C13) -> 11166.5
A17: Paid
A18: Date | B18: BENEF. | C18: Amount | D18: Category | E18: Type | F18: Club | G18: Details
A19: 45946 | B19: Emerald Demons HOCKEY CLUB | C19: 713.88 | D19: Hours | E19: Paid | F19: Emerald Demons
A20: 45948 | B20: Emerald Demons Private (Cash) | C20: 1000 | D20: Hours | E20: Paid | F20: Emerald Demons
A21: 45950 | B21: Emerald Demons Private | C21: 500 | D21: Hours | E21: Paid | F21: Emerald Demons
A22: 45981 | B22: Emerald Demons HOCKEY CLUB | C22: 1208 | D22: Hours | E22: Paid | F22: Emerald Demons
A23: 45998 | B23: Emerald Demons HOCKEY CLUB | C23: 1500 | D23: Hours | E23: Paid | F23: Emerald Demons
A24: 46026 | B24: Emerald Demons HOCKEY CLUB | C24: 1000 | D24: Hours | E24: Paid | F24: Emerald Demons
A25: 46045 | B25: Emerald Demons HOCKEY CLUB | C25: 579.62 | D25: Hours | E25: Paid | F25: Emerald Demons
A26: 46058 | B26: Emerald Demons HOCKEY CLUB | C26: 1000 | D26: Hours | E26: Paid | F26: Emerald Demons
A27: 46083 | B27: Emerald Demons HOCKEY CLUB | C27: 1000 | D27: Hours | E27: Paid | F27: Emerald Demons
A28: 46114 | B28: Emerald Demons HOCKEY CLUB | C28: 1000 | D28: Hours | E28: Paid | F28: Emerald Demons
A29: 46120 | B29: Emerald Demons HOCKEY CLUB | C29: 490 | D29: Hours | E29: Paid | F29: Emerald Demons
C31: =SUM(C19:C30) -> 9991.5
A33: To Be Paid | C33: =C14-C31 -> 1175

Sheet JULY 2026
A1: Day
A2: Time
A3: Hours per Day | B3: 0
A4: Hours per Week | B4: =B3 -> 0
A6: TOTAL Hours | B6: =SUM(B4:B4) -> 0
A7: Value per Hour | B7: 35
A8: H1 payment | B8: 1000
A9: Total | B9: =(B6*B7)+B8 -> 1000

Sheet JUNE 2026
A1: Day | B1: 46175 | C1: 46182 | D1: 46189 | E1: 46196 | F1: 46196
A2: Time | B2: Tuesday - Training | C2: Tuesday - Training | D2: Tuesday - Training | E2: Tuesday - Training | F2: Tuesday - Training
A3: Hours per Day | B3: 1.5 | C3: 1.5 | D3: 1.5 | E3: 1.5 | F3: 1.5
A4: Hours per Week | B4: =B3 -> 1.5 | C4: =C3 -> 1.5 | D4: =D3 -> 1.5 | E4: =E3 -> 1.5 | F4: =F3 -> 1.5
A5: WEEK | B5: 1 | C5: 2 | D5: 3 | E5: 4 | F5: 5
A7: TOTAL Hours | B7: =SUM(B4:F4) -> 7.5
A8: Value per Hour | B8: 35
A9: H1 payment | B9: 1000
A10: Total | B10: =(B7*B8)+B9+B11 -> 1262.5

Sheet MAY 2026
A1: Day | B1: 46144 | C1: 46147 | D1: 46151 | E1: 46154 | F1: 46158 | G1: 46161 | H1: 46165 | I1: 46168 | J1: 46165
A2: Time | B2: Saturday - Game | C2: Tuesday - Training | D2: Saturday - Game | E2: Tuesday - Training | F2: Saturday - Game | G2: Tuesday - Training | H2: Saturday - Game | I2: Tuesday - Training | J2: Saturday - Game
A3: Hours per Day | B3: 2 | C3: 1.5 | D3: 2 | E3: 1.5 | F3: 2 | G3: 1.5 | H3: 2 | I3: 1.5 | J3: 2
A4: Hours per Week | B4: =B3 -> 2 | C4: =C3+D3 -> 3.5 | E4: =E3+F3 -> 3.5 | G4: =G3+H3 -> 3.5 | I4: =I3+J3 -> 3.5
A5: WEEK | B5: 1 | C5: 2 | E5: 3 | G5: 4 | I5: 5
A7: TOTAL Hours | B7: =SUM(B4:I4) -> 16
A8: Value per Hour | B8: 35
A9: H1 payment | B9: 1000
A10: Total | B10: =(B7*B8)+B9+B11 -> 1560

Sheet APRIL 2026
A1: Day | B1: 46133 | C1: 46137 | D1: 46140
A2: Time | B2: Tuesday - Training | C2: Saturday - Game | D2: Tuesday - Training
A3: Hours per Day | B3: 1.5 | C3: 2 | D3: 1.5
A4: Hours per Week | B4: =B3+C3 -> 3.5 | D4: =D3 -> 1.5
A5: WEEK | B5: 4 | D5: 5
A7: TOTAL Hours | B7: =SUM(B4:D4) -> 5
A8: Value per Hour | B8: 35
A9: H1 payment | B9: 1000
A10: Total | B10: =(B7*B8)+B9+B11 -> 1175

Sheet MARCH 2026
A1: Day | B1: 46088 | C1: 46091 | D1: 46095 | E1: 46098 | F1: 46102 | G1: 46105 | H1: 46109 | I1: 46112
A2: Time | B2: Saturday - Game | C2: Tuesday - Training | D2: Saturday - Game | E2: Tuesday - Training | F2: Saturday - Game | G2: Tuesday - Training | H2: Saturday - Game | I2: Tuesday - Training
A3: Hours per Day | B3: 2 | C3: 1.5 | D3: 2 | E3: 1.5 | F3: 2 | H3: 2 | I3: 1.5
A4: Hours per Week | B4: =B3 -> 2 | C4: =C3+D3 -> 3.5 | E4: =E3+F3 -> 3.5 | G4: =G3+H3 -> 2 | I4: =I3 -> 1.5
A5: WEEK | B5: 1 | C5: 2 | E5: 3 | G5: 4 | I5: 5
A7: TOTAL Hours | B7: =SUM(B4:I4) -> 12.5
A8: Value per Hour | B8: 35
A9: H1 payment | B9: 1000
A10: Total | B10: =(B7*B8)+B9+B11 -> 1437.5

Sheet FEBRUARY 2026
A1: Day | B1: 45965
A2: Time | B2: Tuesday - Training
A3: Hours per Day | B3: 1.5
A4: Hours per Week | B4: =B3 -> 1.5
A5: WEEK | B5: 1
A7: TOTAL Hours | B7: =SUM(B4:B4) -> 1.5
A8: Value per Hour | B8: 35
A9: H1 payment | B9: 1000
A10: Total | B10: =(B7*B8)+B9+B11 -> 1052.5

Sheet JANUARY 2026
A1: Day
A2: Time
A3: Hours per Day | B3: 0
A4: Hours per Week | B4: =B3 -> 0
A6: TOTAL Hours | B6: =SUM(B4:B4) -> 0
A7: Value per Hour | B7: 35
A8: H1 payment | B8: 1000
A9: Total | B9: =(B6*B7)+B8 -> 1000

Sheet DECEMBER 2025
A1: Day | B1: 45996
A2: Time | B2: Friday - Game
A3: Hours per Day | B3: 2
A4: Hours per Week | B4: =B3 -> 2
A6: TOTAL Hours | B6: =SUM(B4:B4) -> 2
A7: Value per Hour | B7: 35
A8: H1 payment | B8: 1000
A9: Total | B9: =(B6*B7)+B8 -> 1070

Sheet NOVEMBER 2025
A1: Day | B1: 45965 | C1: 45969 | D1: 45972 | E1: 45976 | F1: 45979 | G1: 45987 | H1: 45989
A2: Time | B2: Tuesday - Training | C2: Saturday - Game | D2: Tuesday - Training | E2: Saturday - Game | F2: Tuesday - Training | G2: Wednesday - Indoor Training | H2: Wednesday - Indoor Training
A3: Hours per Day | B3: 1.5 | C3: 2 | D3: 1.5 | E3: 2 | F3: 1.5 | G3: 2 | H3: 4
A4: Hours per Week | B4: =C3+B3 -> 3.5 | D4: =D3+E3 -> 3.5 | F4: =F3 -> 1.5 | G4: =G3+H3 -> 6
A5: WEEK | B5: 1 | D5: 2 | F5: 3 | G5: 4
A7: TOTAL Hours | B7: =SUM(B4:H4) -> 14.5
A8: Value per Hour | B8: 35
A9: H1 payment | B9: 1000
A10: Total | B10: =(B7*B8)+B9+B11 -> 1521.5
A11: Extra | B11: 14

Sheet OCTOBER 2025
A1: Day | B1: 45934 | C1: 45937 | D1: 45941 | E1: 45944 | F1: 45948 | G1: 45951
A2: Time | B2: Saturday - Game | C2: Tuesday - Training | D2: Saturday - Game | E2: Tuesday - Training | F2: Saturday - Game | G2: Tuesday - Training
A3: Hours per Day | B3: 2 | C3: 1.5 | D3: 2 | E3: 1.5 | F3: 2 | G3: 1.5
A4: Hours per Week | B4: =B3 -> 2 | C4: =D3+C3 -> 3.5 | E4: =F3+E3 -> 3.5 | G4: =G3 -> 1.5
A5: WEEK | B5: 1 | C5: 2 | E5: 3 | G5: 4
A7: TOTAL Hours | B7: =SUM(B3:G3) -> 10.5
A8: Value per Hour | B8: 35
A9: H1 payment | B9: 1000
A10: Total | B10: =(B7*B8)+B9 -> 1367.5

Sheet SEPTEMBER 2025
A1: Day | B1: 45902 | C1: 45906 | D1: 45909 | E1: 45913 | F1: 45916 | G1: 45920 | H1: 45923 | I1: 45927 | J1: 45930
A2: Time | B2: Tuesday - Training | C2: Saturday - Game | D2: Tuesday - Training | E2: Saturday - Game | F2: Tuesday - Training | G2: Saturday - Game | H2: Tuesday - Training | I2: Saturday - Game | J2: Tuesday - Training
A3: Hours per Day | B3: 1.5 | C3: 2 | D3: 1.5 | E3: 2 | F3: 1.5 | G3: 2 | H3: 1.5 | I3: 2 | J3: 1.5
A4: Hours per Week | B4: =C3+B3 -> 3.5 | D4: =E3+D3 -> 3.5 | F4: =G3+F3 -> 3.5 | H4: =I3+H3 -> 3.5 | J4: =J3 -> 1.5
A5: WEEK | B5: 1 | D5: 2 | F5: 3 | H5: 4 | J5: 5
A7: TOTAL Hours | B7: =SUM(B3:J3) -> 15.5
A8: Value per Hour | B8: 35
A9: H1 payment | B9: 1000
A10: Total | B10: =(B7*B8)+B9 -> 1542.5

Sheet AUGUST 2025
A1: H1 payment | B1: 1000
